{
  "products": [
    {
      "id": 1,
      "title": "Funko POP! Deadpool",
      "brand": "Funko",
      "series": "Marvel",
      "category": "Комікси",
      "status": "нова",
      "price": 740,
      "inStock": true,
      "image": "deadpool.jpg",
      "description": "Веселий та епатажний Дедпул у стилі Funko POP! — обов'язковий для колекціонерів Marvel."
    },
    {
      "id": 2,
      "title": "Funko POP! Гаррі Поттер у мантії",
      "brand": "Funko",
      "series": "Гаррі Поттер",
      "category": "Фентезі",
      "status": "нова",
      "price": 650,
      "inStock": true,
      "image": "harry_potter.jpg",
      "description": "Юний чарівник Гаррі Поттер у класичній мантії — магічне доповнення до вашої колекції."
    },
    {
      "id": 3,
      "title": "Funko POP! Spider-Man",
      "brand": "Funko",
      "series": "Marvel",
      "category": "Комікси",
      "status": "нова",
      "price": 750,
      "inStock": true,
      "image": "spiderman.jpg",
      "description": "Легендарний Людина-Павук у динамічній позі — ідеальний подарунок фанатам супергероїв."
    },
    {
      "id": 4,
      "title": "Funko POP! Елза",
      "brand": "Funko",
      "series": "Disney Frozen",
      "category": "Мультфільми",
      "status": "нова",
      "price": 930,
      "inStock": true,
      "image": "elsa.jpg",
      "description": "Королева снігу Елза з 'Холодного серця' — чарівна фігурка з казкової серії Disney."
    },
    {
      "id": 5,
      "title": "Funko POP! Дарт Вейдер",
      "brand": "Funko",
      "series": "Star Wars",
      "category": "Фільми",
      "status": "нова",
      "price": 845,
      "inStock": true,
      "image": "darth_vader.jpg",
      "description": "Один із найвідоміших лиходіїв у історії — Дарт Вейдер у стилі Funko POP!."
    },
    {
      "id": 6,
      "title": "Funko POP! Джокер (The Dark Knight)",
      "brand": "Funko",
      "series": "DC Comics",
      "category": "Комікси",
      "status": "нова",
      "price": 850,
      "inStock": true,
      "image": "joker.jpg",
      "description": "Зловісний Джокер з фільму 'Темний лицар' — харизматичний та незабутній персонаж у стилі Funko."
    },
    {
      "id": 7,
      "title": "Funko POP! Гомер Симпсон",
      "brand": "Funko",
      "series": "The Simpsons",
      "category": "Мультфільми",
      "status": "нова",
      "price": 740,
      "inStock": true,
      "image": "homer_simpson.jpg",
      "description": "Гомер у класичному вигляді — справжня перлина для фанатів 'Сімпсонів'."
    },
    {
      "id": 8,
      "title": "Funko POP! Халк",
      "brand": "Funko",
      "series": "Marvel",
      "category": "Комікси",
      "status": "нова",
      "price": 450,
      "inStock": true,
      "image": "hulk.jpg",
      "description": "Велетенський зелений Халк — потужність та характер у компактній фігурці Funko."
    },
    {
      "id": 9,
      "title": "Funko POP! Герміона Грейнджер",
      "brand": "Funko",
      "series": "Гаррі Поттер",
      "category": "Фентезі",
      "status": "нова",
      "price": 650,
      "inStock": true,
      "image": "hermione.jpg",
      "description": "Розумна та смілива Герміона з паличкою — улюблена героїня фанатів світу магії."
    },
    {
      "id": 10,
      "title": "Funko POP! Міккі Маус",
      "brand": "Funko",
      "series": "Disney",
      "category": "Мультфільми",
      "status": "нова",
      "price": 855,
      "inStock": true,
      "image": "mickey_mouse.jpg",
      "description": "Класичний Міккі Маус — культовий герой Disney у милий Funko-інтерпретації."
    },
    {
      "id": 11,
      "title": "Funko POP! Капітан Америка",
      "brand": "Funko",
      "series": "Marvel",
      "category": "Комікси",
      "status": "нова",
      "price": 690,
      "inStock": true,
      "image": "captain_america.jpg",
      "description": "Патріотичний Капітан Америка зі щитом — символ мужності та справедливості."
    },
    {
      "id": 12,
      "title": "Funko POP! Вінні-Пух",
      "brand": "Funko",
      "series": "Disney",
      "category": "Мультфільми",
      "status": "нова",
      "price": 750,
      "inStock": false,
      "image": "winnie_pooh.jpg",
      "description": "Милий та добрий Вінні-Пух із банкою меду — улюбленець дітей і дорослих."
    },
    {
      "id": 13,
      "title": "Funko POP! Тоні Старк (Iron Man)",
      "brand": "Funko",
      "series": "Marvel",
      "category": "Комікси",
      "status": "нова",
      "price": 1200,
      "inStock": true,
      "image": "tony_stark.jpg",
      "description": "Геніальний мільярдер Тоні Старк у броні Залізної людини — справжній герой Marvel."
    },
    {
      "id": 14,
      "title": "Funko POP! Супермен",
      "brand": "Funko",
      "series": "DC Comics",
      "category": "Комікси",
      "status": "нова",
      "price": 1010,
      "inStock": true,
      "image": "superman.jpg",
      "description": "Легендарний Супермен з плащем — уособлення надії та сили серед супергероїв."
    },
    {
      "id": 15,
      "title": "Funko POP! Бетмен",
      "brand": "Funko",
      "series": "DC Comics",
      "category": "Комікси",
      "status": "нова",
      "price": 800,
      "inStock": true,
      "image": "batman.jpg",
      "description": "Темний лицар Готема — Бетмен у класичному костюмі, завжди на сторожі справедливості."
    }
  ]
}





  
  