[
  {
    "date": "2025-06-05T20:19:21.072Z",
    "user": {
      "name": "Артем",
      "surname": "Запорожан",
      "phone": "0987375570",
      "email": "zaporozhan2005@gmail.com",
      "city": "Одеса",
      "warehouse": "88333053-c897-11ed-9eb1-d4f5ef0df2b8"
    },
    "items": [
      {
        "id": 3,
        "title": "Funko POP! Spider-Man",
        "brand": "Funko",
        "series": "Marvel",
        "category": "Комікси",
        "status": "нова",
        "price": 750,
        "inStock": true,
        "image": "spiderman.jpg",
        "description": "Легендарний Людина-Павук у динамічній позі — ідеальний подарунок фанатам супергероїв."
      }
    ]
  },
  {
    "date": "2025-06-06T17:53:14.616Z",
    "user": {
      "username": "Катерина",
      "name": "Катерина",
      "surname": "Броаске",
      "phone": "0667570755",
      "email": "k45714147@gmail.com",
      "city": "Чорноморськ",
      "warehouse": "24dfeddc-1e28-11e4-acce-0050568002cf"
    },
    "items": [
      {
        "id": 2,
        "title": "Funko POP! Гаррі Поттер у мантії",
        "brand": "Funko",
        "series": "Гаррі Поттер",
        "category": "Фентезі",
        "status": "нова",
        "price": 650,
        "inStock": true,
        "image": "harry_potter.jpg",
        "description": "Юний чарівник Гаррі Поттер у класичній мантії — магічне доповнення до вашої колекції."
      },
      {
        "id": 8,
        "title": "Funko POP! Халк",
        "brand": "Funko",
        "series": "Marvel",
        "category": "Комікси",
        "status": "нова",
        "price": 450,
        "inStock": true,
        "image": "hulk.jpg",
        "description": "Велетенський зелений Халк — потужність та характер у компактній фігурці Funko."
      }
    ]
  }
]